Row Labels,ADL,FNQ,NSW,PER,QLD,VIC
800,1,0,0,0,0,0
810,1,0,0,0,0,0
820,1,0,0,0,0,0
821,1,0,0,0,1,0
828,1,0,0,0,0,0
829,1,0,0,0,0,0
830,1,0,0,0,0,0
831,1,0,0,0,0,0
835,1,0,0,0,0,0
836,1,0,0,0,0,0
837,1,0,0,0,0,0
839,1,0,0,0,0,0
850,1,0,0,0,0,0
854,1,0,0,0,0,0
861,1,0,0,0,0,0
867,1,0,0,0,0,0
870,1,0,0,0,0,0
871,1,0,0,0,0,0
880,1,0,0,0,0,0
1570,0,0,1,0,0,0
1715,0,0,1,0,0,0
2000,0,0,1,0,0,0
2008,0,0,1,0,0,0
2010,0,0,1,0,0,0
2011,0,0,1,0,0,0
2012,0,0,1,0,0,0
2015,0,0,1,0,0,0
2016,0,0,1,0,0,0
2017,0,0,1,0,0,0
2018,0,0,1,0,0,0
2019,0,0,1,0,0,0
2020,0,0,1,0,0,0
2021,0,0,1,0,0,0
2022,0,0,1,0,0,0
2024,0,0,1,0,0,0
2026,0,0,1,0,0,0
2028,0,0,1,0,0,0
2029,0,0,1,0,0,0
2032,0,0,1,0,0,0
2035,0,0,1,0,0,0
2036,0,0,1,0,0,0
2038,0,0,1,0,0,0
2039,0,0,1,0,0,0
2040,0,0,1,0,0,0
2041,0,0,1,0,0,0
2042,0,0,1,0,0,0
2044,0,0,1,0,0,0
2045,0,0,1,0,0,0
2046,0,0,1,0,0,0
2049,0,0,1,0,0,0
2050,0,0,1,0,0,0
2060,0,0,1,0,0,0
2064,0,0,1,0,0,0
2065,0,0,1,0,0,0
2067,0,0,1,0,0,0
2068,0,0,1,0,0,0
2072,0,0,1,0,0,0
2073,0,0,1,0,0,0
2074,0,0,1,0,0,0
2077,0,0,1,0,0,0
2079,0,0,1,0,0,0
2080,0,0,1,0,0,0
2081,0,0,1,0,0,0
2084,0,0,1,0,0,0
2085,0,0,1,0,0,0
2086,0,0,1,0,0,0
2087,0,0,1,0,0,0
2088,0,0,1,0,0,0
2090,0,0,1,0,0,0
2093,0,0,1,0,0,0
2099,0,0,1,0,0,0
2100,0,0,1,0,0,0
2101,0,0,1,0,0,0
2102,0,0,1,0,0,0
2103,0,0,1,0,0,0
2107,0,0,1,0,0,0
2111,0,0,1,0,0,0
2113,0,0,1,0,0,0
2114,0,0,1,0,0,0
2116,0,0,1,0,0,0
2117,0,0,1,0,0,0
2118,0,0,1,0,0,0
2120,0,0,1,0,0,0
2121,0,0,1,0,0,0
2125,0,0,1,0,0,0
2128,0,0,1,0,0,0
2131,0,0,1,0,0,0
2133,0,0,1,0,0,0
2136,0,0,1,0,0,0
2141,0,0,1,0,0,0
2142,0,0,1,0,0,0
2143,0,0,1,0,0,0
2144,0,0,1,0,0,0
2145,0,0,1,0,0,0
2147,0,0,1,0,1,0
2148,0,0,1,0,0,0
2150,0,0,1,0,0,0
2151,0,0,1,0,0,0
2152,0,0,1,0,0,0
2153,0,0,1,0,0,0
2154,0,0,1,0,0,0
2155,0,0,1,0,0,0
2156,0,0,1,0,0,0
2158,0,0,1,0,0,0
2159,0,0,1,0,0,0
2160,0,0,1,0,0,0
2161,0,0,1,0,0,0
2162,0,0,1,0,0,0
2163,0,0,1,0,0,0
2164,0,0,1,0,0,0
2165,0,0,1,0,0,0
2166,0,0,1,0,0,0
2170,0,0,1,0,0,1
2171,0,0,1,0,0,0
2177,0,0,1,0,0,0
2178,0,0,1,0,0,0
2179,0,0,1,0,0,0
2190,0,0,1,0,0,0
2192,0,0,1,0,0,0
2193,0,0,1,0,0,0
2194,0,0,1,0,0,0
2195,0,0,1,0,0,0
2196,0,0,1,0,0,0
2200,0,0,1,0,0,0
2203,0,0,1,0,0,0
2204,0,0,1,0,0,0
2205,0,0,1,0,0,0
2206,0,0,1,0,0,0
2207,0,0,1,0,0,0
2208,0,0,1,0,0,0
2210,0,0,1,0,0,0
2211,0,0,1,0,0,0
2212,0,0,1,0,0,0
2214,0,0,1,0,0,0
2216,0,0,1,0,0,0
2217,0,0,1,0,0,0
2218,0,0,1,0,0,0
2221,0,0,1,0,0,0
2223,0,0,1,0,0,0
2227,0,0,1,0,0,0
2228,0,0,1,0,0,0
2229,0,0,1,0,0,0
2232,0,0,1,0,0,0
2233,0,0,1,0,0,0
2234,0,0,1,0,0,0
2250,0,0,1,0,0,0
2251,0,0,1,0,0,0
2256,0,0,1,0,0,0
2257,0,0,1,0,0,0
2258,0,0,1,0,0,0
2259,0,0,1,0,0,0
2261,0,0,1,0,0,0
2263,0,0,1,0,0,0
2264,0,0,1,0,0,0
2265,0,0,1,0,0,0
2280,0,0,1,0,0,0
2281,0,0,1,0,0,0
2282,0,0,1,0,0,0
2283,0,0,1,0,0,0
2284,0,0,1,0,0,0
2285,0,0,1,0,0,0
2287,0,0,1,0,0,0
2289,0,0,1,0,0,0
2290,0,0,1,0,0,0
2292,0,0,1,0,0,0
2293,0,0,1,0,0,0
2295,0,0,1,0,0,0
2297,0,0,1,0,0,0
2299,0,0,1,0,0,0
2301,0,0,1,0,0,0
2303,0,0,1,0,0,0
2304,0,0,1,0,0,0
2306,0,0,1,0,0,0
2310,0,0,1,0,0,0
2312,0,0,1,0,0,0
2317,0,0,1,0,0,0
2318,0,0,1,0,0,0
2320,0,0,1,0,0,0
2321,0,0,1,0,0,0
2322,0,0,1,0,0,0
2323,0,0,1,0,0,0
2324,0,0,1,0,0,0
2325,0,0,1,0,0,0
2327,0,0,1,0,0,0
2328,0,0,1,0,0,0
2329,0,0,1,0,0,0
2330,0,0,1,0,0,0
2333,0,0,1,0,0,0
2337,0,0,1,0,0,0
2340,0,0,1,0,1,0
2341,0,0,1,0,0,0
2343,0,0,1,0,0,0
2346,0,0,1,0,0,0
2347,0,0,1,0,0,0
2350,0,0,1,0,0,0
2352,0,0,1,0,0,0
2354,0,0,1,0,0,0
2355,0,0,1,0,0,0
2357,0,0,1,0,0,0
2358,0,0,1,0,0,0
2360,0,0,1,0,0,0
2365,0,0,1,0,0,0
2370,0,0,1,0,0,0
2372,0,0,1,0,1,0
2380,0,0,1,0,0,0
2382,0,0,1,0,0,0
2388,0,0,1,0,0,0
2390,0,0,1,0,0,0
2395,0,0,1,0,0,0
2396,0,0,1,0,0,0
2400,0,0,1,0,1,0
2402,0,0,1,0,0,0
2404,0,0,1,0,0,0
2420,0,0,1,0,0,0
2422,0,0,1,0,0,0
2423,0,0,1,0,0,0
2428,0,0,1,0,0,0
2430,0,0,1,0,0,0
2431,0,0,1,0,0,0
2440,0,0,1,0,0,0
2443,0,0,1,0,0,0
2444,0,0,1,0,0,0
2446,0,0,1,0,0,0
2447,0,0,1,0,0,0
2448,0,0,1,0,0,0
2450,0,0,1,0,1,0
2451,0,0,1,0,0,0
2452,0,0,1,0,1,0
2453,0,0,1,0,0,0
2454,0,0,1,0,0,0
2456,0,0,1,0,0,0
2460,0,0,1,0,1,0
2463,0,0,1,0,0,0
2464,0,0,1,0,0,0
2466,0,0,1,0,0,0
2469,0,0,1,0,1,0
2470,0,0,1,0,1,0
2473,0,0,0,0,1,0
2474,0,0,1,0,1,0
2477,0,0,0,0,1,0
2478,0,0,1,0,1,0
2479,0,0,0,0,1,0
2480,0,0,0,0,1,0
2481,0,0,0,0,1,0
2482,0,0,0,0,1,0
2483,0,0,0,0,1,0
2484,0,0,1,0,1,0
2486,0,0,0,0,1,0
2489,0,0,1,0,0,0
2500,0,0,1,0,0,0
2505,0,0,1,0,0,0
2508,0,0,1,0,0,0
2516,0,0,1,0,0,0
2518,0,0,1,0,0,0
2526,0,0,1,0,0,0
2527,0,0,1,0,0,0
2528,0,0,1,0,0,0
2529,0,0,1,0,0,0
2533,0,0,1,0,0,0
2534,0,0,1,0,0,0
2535,0,0,1,0,0,0
2536,0,0,1,0,0,0
2537,0,0,1,0,0,0
2538,0,0,1,0,0,0
2539,0,0,1,0,0,0
2540,0,0,1,0,0,0
2541,0,0,1,0,0,0
2546,0,0,1,0,0,0
2548,0,0,1,0,0,0
2549,0,0,1,0,0,0
2550,0,0,1,0,0,0
2551,0,0,1,0,0,0
2557,0,0,1,0,0,0
2560,0,0,1,0,0,0
2565,0,0,1,0,0,0
2566,0,0,1,0,0,0
2567,0,0,1,0,0,0
2570,0,0,1,0,0,0
2571,0,0,1,0,0,0
2575,0,0,1,0,0,0
2576,0,0,1,0,0,0
2577,0,0,1,0,0,0
2580,0,0,1,0,0,0
2581,0,0,1,0,0,0
2582,0,0,1,0,0,0
2583,0,0,1,0,0,0
2584,0,0,1,0,0,0
2586,0,0,1,0,0,0
2587,0,0,1,0,0,0
2590,0,0,1,0,0,0
2594,0,0,1,0,0,0
2599,0,0,0,0,0,1
2600,0,0,1,0,0,0
2601,0,0,1,0,0,0
2606,0,0,1,0,0,0
2609,0,0,1,0,0,0
2612,0,0,1,0,0,0
2617,0,0,1,0,0,0
2620,0,0,1,0,0,0
2621,0,0,1,0,0,0
2622,0,0,1,0,0,0
2627,0,0,1,0,0,0
2630,0,0,1,0,0,0
2632,0,0,1,0,0,0
2640,0,0,0,0,0,1
2641,0,0,1,0,0,1
2644,0,0,1,0,0,0
2646,0,0,1,0,0,1
2650,0,0,1,0,0,1
2652,0,0,1,0,0,0
2653,0,0,1,0,0,0
2658,0,0,1,0,0,0
2663,0,0,1,0,0,0
2665,0,0,1,0,0,0
2666,0,0,1,0,0,0
2671,0,0,1,0,0,0
2672,0,0,1,0,0,0
2675,0,0,1,0,0,0
2680,0,0,1,0,0,0
2681,0,0,1,0,0,0
2689,0,0,1,0,0,0
2700,0,0,1,0,0,0
2702,0,0,1,0,0,0
2705,0,0,1,0,0,0
2707,0,0,1,0,0,0
2710,0,0,0,0,0,1
2711,0,0,1,0,0,0
2713,0,0,1,0,0,1
2715,0,0,0,0,0,1
2716,0,0,0,0,0,1
2720,0,0,1,0,0,0
2722,0,0,1,0,0,0
2730,0,0,1,0,0,0
2731,0,0,0,0,0,1
2732,0,0,1,0,0,1
2745,0,0,1,0,0,0
2747,0,0,1,0,0,0
2748,0,0,1,0,0,0
2749,0,0,1,0,0,0
2750,0,0,1,0,0,0
2751,0,0,1,0,0,0
2752,0,0,1,0,0,0
2753,0,0,1,0,0,0
2754,0,0,1,0,0,0
2756,0,0,1,0,0,0
2757,0,0,1,0,0,0
2758,0,0,1,0,0,0
2759,0,0,1,0,0,0
2760,0,0,1,0,0,0
2761,0,0,1,0,0,0
2765,0,0,1,0,0,0
2766,0,0,1,0,0,0
2768,0,0,1,0,0,0
2770,0,0,1,0,0,0
2774,0,0,1,0,0,0
2777,0,0,1,0,0,0
2780,0,0,1,0,0,0
2782,0,0,1,0,0,0
2783,0,0,1,0,0,0
2785,0,0,1,0,0,0
2787,0,0,1,0,0,0
2790,0,0,1,0,0,0
2794,0,0,1,0,0,0
2795,0,0,1,0,0,0
2799,0,0,1,0,0,0
2800,0,0,1,0,0,0
2804,0,0,1,0,0,0
2810,0,0,1,0,0,0
2820,0,0,1,0,0,0
2821,0,0,1,0,0,0
2823,0,0,1,0,0,0
2824,0,0,1,0,0,0
2825,0,0,1,0,0,0
2827,0,0,1,0,0,0
2829,0,0,1,0,0,0
2830,0,0,1,0,0,0
2832,0,0,1,0,0,0
2834,0,0,1,0,0,0
2835,0,0,1,0,0,0
2840,0,0,1,0,0,0
2843,0,0,1,0,0,0
2844,0,0,1,0,0,0
2849,0,0,1,0,0,0
2850,0,0,1,0,0,0
2852,0,0,1,0,0,0
2866,0,0,1,0,0,0
2868,0,0,1,0,0,0
2870,0,0,1,0,0,0
2871,0,0,1,0,0,0
2873,0,0,1,0,0,0
2875,0,0,1,0,0,0
2877,0,0,1,0,0,0
2880,1,0,1,0,0,0
2898,0,0,0,0,1,0
2899,0,0,1,0,0,1
2900,0,0,1,0,0,0
2911,0,0,1,0,0,0
2912,0,0,1,0,0,0
2913,0,0,1,0,0,0
3003,0,0,0,0,0,1
3011,0,0,0,0,0,1
3012,0,0,0,0,0,1
3013,0,0,0,0,0,1
3015,0,0,0,0,0,1
3016,0,0,0,0,0,1
3018,0,0,0,0,0,1
3020,0,0,0,0,0,1
3022,0,0,0,0,0,1
3023,0,0,0,0,0,1
3025,0,0,0,0,0,1
3026,0,0,1,0,0,1
3028,0,0,0,0,0,1
3029,0,0,0,0,0,1
3030,0,0,1,0,0,1
3032,0,0,0,0,0,1
3033,0,0,0,0,0,1
3034,0,0,0,0,0,1
3038,0,0,0,0,0,1
3039,0,0,0,0,0,1
3040,0,0,0,0,0,1
3041,0,0,0,0,0,1
3042,0,0,0,0,0,1
3043,0,0,0,0,0,1
3044,0,0,0,0,0,1
3047,0,0,0,0,0,1
3051,0,0,0,0,0,1
3056,0,0,0,0,0,1
3057,0,0,0,0,0,1
3058,0,0,0,0,0,1
3059,0,0,0,0,0,1
3061,0,0,0,0,0,1
3064,0,0,0,0,0,1
3066,0,0,0,0,0,1
3067,0,0,0,0,0,1
3068,0,0,0,0,0,1
3070,0,0,1,0,0,1
3071,0,0,0,0,0,1
3072,0,0,0,0,0,1
3073,0,0,0,0,0,1
3074,0,0,0,0,0,1
3075,0,0,0,0,0,1
3076,0,0,0,0,0,1
3078,0,0,1,0,0,1
3081,0,0,0,0,0,1
3082,0,0,0,0,0,1
3083,0,0,0,0,0,1
3084,0,0,0,0,0,1
3087,0,0,0,0,0,1
3088,0,0,0,0,0,1
3089,0,0,0,0,0,1
3094,0,0,0,0,0,1
3095,0,0,0,0,0,1
3103,0,0,0,0,0,1
3104,0,0,0,0,0,1
3105,0,0,0,0,0,1
3106,0,0,0,0,0,1
3108,0,0,0,0,0,1
3109,0,0,0,0,0,1
3116,0,0,0,0,0,1
3121,0,0,0,0,0,1
3122,0,0,0,0,0,1
3123,0,0,0,0,0,1
3124,0,0,0,0,0,1
3125,0,0,0,0,0,1
3127,0,0,0,0,0,1
3128,0,0,0,0,0,1
3131,0,0,0,0,0,1
3132,0,0,0,0,0,1
3133,0,0,0,0,0,1
3134,0,0,0,0,0,1
3135,0,0,0,0,0,1
3136,0,0,0,0,0,1
3137,0,0,0,0,0,1
3138,0,0,0,0,0,1
3139,0,0,0,0,0,1
3140,0,0,0,0,0,1
3141,0,0,0,0,0,1
3142,0,0,0,0,0,1
3143,0,0,0,0,0,1
3145,0,0,0,0,0,1
3146,0,0,0,0,0,1
3148,0,0,0,0,0,1
3149,0,0,0,0,0,1
3150,0,0,0,0,0,1
3152,0,0,0,0,0,1
3153,0,0,1,0,0,1
3155,0,0,0,0,0,1
3156,0,0,0,0,0,1
3158,0,0,0,0,0,1
3160,0,0,0,0,0,1
3162,0,0,0,0,0,1
3163,0,0,0,0,0,1
3165,0,0,0,0,0,1
3166,0,0,0,0,0,1
3167,0,0,0,0,0,1
3168,0,0,0,0,0,1
3170,0,0,0,0,0,1
3171,0,0,0,0,0,1
3173,0,0,0,0,0,1
3175,0,0,1,0,0,1
3176,0,0,0,0,0,1
3177,0,0,0,0,0,1
3178,0,0,0,0,0,1
3179,0,0,0,0,0,1
3180,0,0,0,0,0,1
3181,0,0,0,0,0,1
3182,0,0,0,0,0,1
3186,0,0,0,0,0,1
3187,0,0,0,0,0,1
3189,0,0,0,0,0,1
3190,0,0,0,0,0,1
3191,0,0,0,0,0,1
3192,0,0,0,0,0,1
3194,0,0,0,0,0,1
3195,0,0,0,0,0,1
3196,0,0,0,0,0,1
3198,0,0,0,0,0,1
3199,0,0,0,0,0,1
3201,0,0,0,0,0,1
3202,0,0,0,0,0,1
3204,0,0,0,0,0,1
3205,0,0,0,0,0,1
3206,0,0,0,0,0,1
3207,0,0,0,0,0,1
3212,0,0,0,0,0,1
3214,0,0,0,0,0,1
3215,0,0,0,0,0,1
3216,0,0,0,0,0,1
3218,0,0,0,0,0,1
3219,0,0,0,0,0,1
3220,0,0,0,0,0,1
3221,0,0,0,0,0,1
3222,0,0,0,0,0,1
3223,0,0,0,0,0,1
3224,0,0,0,0,0,1
3226,0,0,0,0,0,1
3228,0,0,0,0,0,1
3232,0,0,0,0,0,1
3233,0,0,0,0,0,1
3241,0,0,0,0,0,1
3250,0,0,0,0,0,1
3260,0,0,0,0,0,1
3264,0,0,0,0,0,1
3266,0,0,0,0,0,1
3268,0,0,0,0,0,1
3272,0,0,0,0,0,1
3277,0,0,0,0,0,1
3280,0,0,0,0,0,1
3282,0,0,0,0,0,1
3284,0,0,0,0,0,1
3289,0,0,0,0,0,1
3294,0,0,0,0,0,1
3300,0,0,0,0,0,1
3304,0,0,0,0,0,1
3305,0,0,0,0,0,1
3311,0,0,0,0,0,1
3315,0,0,0,0,0,1
3318,0,0,0,0,0,1
3325,0,0,0,0,0,1
3331,0,0,0,0,0,1
3336,0,0,0,0,0,1
3337,0,0,0,0,0,1
3340,0,0,0,0,0,1
3342,0,0,0,0,0,1
3350,0,0,0,0,0,1
3352,0,0,0,0,0,1
3355,0,0,0,0,0,1
3356,0,0,0,0,0,1
3361,0,0,0,0,0,1
3363,0,0,0,0,0,1
3373,0,0,0,0,0,1
3377,0,0,0,0,0,1
3380,0,0,0,0,0,1
3388,0,0,0,0,0,1
3393,0,0,0,0,0,1
3396,0,0,0,0,0,1
3400,0,0,0,0,0,1
3414,0,0,0,0,0,1
3418,0,0,0,0,0,1
3419,0,0,0,0,0,1
3424,0,0,0,0,0,1
3429,0,0,0,0,0,1
3431,0,0,0,0,0,1
3433,0,0,0,0,0,1
3434,0,0,0,0,0,1
3435,0,0,0,0,0,1
3437,0,0,0,0,0,1
3442,0,0,0,0,0,1
3444,0,0,0,0,0,1
3450,0,0,0,0,0,1
3451,0,0,0,0,0,1
3458,0,0,0,0,0,1
3460,0,0,0,0,0,1
3462,0,0,0,0,0,1
3463,0,0,0,0,0,1
3464,0,0,0,0,0,1
3465,0,0,0,0,0,1
3478,0,0,0,0,0,1
3480,0,0,0,0,0,1
3483,0,0,0,0,0,1
3490,0,0,0,0,0,1
3496,0,0,0,0,0,1
3500,1,0,0,0,0,1
3502,0,0,0,0,0,1
3509,0,0,0,0,0,1
3517,0,0,0,0,0,1
3518,0,0,0,0,0,1
3523,0,0,0,0,0,1
3525,0,0,0,0,0,1
3527,0,0,0,0,0,1
3533,0,0,0,0,0,1
3537,0,0,0,0,0,1
3549,0,0,0,0,0,1
3550,0,0,0,0,0,1
3551,0,0,0,0,0,1
3555,0,0,0,0,0,1
3556,0,0,0,0,0,1
3559,0,0,0,0,0,1
3561,0,0,0,0,0,1
3563,0,0,0,0,0,1
3564,0,0,1,0,0,1
3566,0,0,0,0,0,1
3567,0,0,0,0,0,1
3568,0,0,0,0,0,1
3579,0,0,0,0,0,1
3585,0,0,0,0,0,1
3608,0,0,0,0,0,1
3612,0,0,0,0,0,1
3616,0,0,0,0,0,1
3620,0,0,0,0,0,1
3621,0,0,0,0,0,1
3623,0,0,0,0,0,1
3629,0,0,0,0,0,1
3630,0,0,0,0,0,1
3631,0,0,0,0,0,1
3632,0,0,0,0,0,1
3636,0,0,0,0,0,1
3638,0,0,0,0,0,1
3644,0,0,0,0,0,1
3658,0,0,0,0,0,1
3660,0,0,0,0,0,1
3666,0,0,0,0,0,1
3672,0,0,0,0,0,1
3677,0,0,0,0,0,1
3685,0,0,0,0,0,1
3690,0,0,0,0,0,1
3691,0,0,0,0,0,1
3699,0,0,0,0,0,1
3700,0,0,0,0,0,1
3701,0,0,0,0,0,1
3707,0,0,0,0,0,1
3713,0,0,0,0,0,1
3714,0,0,0,0,0,1
3717,0,0,0,0,0,1
3722,0,0,0,0,0,1
3730,0,0,0,0,0,1
3737,0,0,0,0,0,1
3741,0,0,0,0,0,1
3747,0,0,0,0,0,1
3749,0,0,0,0,0,1
3752,0,0,0,0,0,1
3754,0,0,0,0,0,1
3756,0,0,0,0,0,1
3757,0,0,0,0,0,1
3764,0,0,0,0,0,1
3770,0,0,0,0,0,1
3775,0,0,0,0,0,1
3777,0,0,0,0,0,1
3778,0,0,0,0,0,1
3779,0,0,0,0,0,1
3782,0,0,0,0,0,1
3793,0,0,0,0,0,1
3796,0,0,0,0,0,1
3797,0,0,0,0,0,1
3803,0,0,0,0,0,1
3804,0,0,0,0,0,1
3805,0,0,0,0,0,1
3807,0,0,0,0,0,1
3808,0,0,0,0,0,1
3809,0,0,0,0,0,1
3810,0,0,0,0,0,1
3818,0,0,0,0,0,1
3820,0,0,0,0,0,1
3824,0,0,0,0,0,1
3825,0,0,0,0,0,1
3831,0,0,0,0,0,1
3840,0,0,0,0,0,1
3842,0,0,0,0,0,1
3844,0,0,0,0,0,1
3850,0,0,0,0,0,1
3851,0,0,0,0,0,1
3858,0,0,0,0,0,1
3860,0,0,0,0,0,1
3862,0,0,0,0,0,1
3871,0,0,0,0,0,1
3875,0,0,0,0,0,1
3888,0,0,0,0,0,1
3892,0,0,0,0,0,1
3898,0,0,0,0,0,1
3909,0,0,0,0,0,1
3912,0,0,0,0,0,1
3915,0,0,0,0,0,1
3922,0,0,0,0,0,1
3931,0,0,0,0,0,1
3936,0,0,0,0,0,1
3937,0,0,0,0,0,1
3939,0,0,0,0,0,1
3941,0,0,0,0,0,1
3943,0,0,0,0,0,1
3950,0,0,0,0,0,1
3953,0,0,1,0,0,1
3956,0,0,0,0,0,1
3959,0,0,0,0,0,1
3960,0,0,0,0,0,1
3962,0,0,0,0,0,1
3971,0,0,0,0,0,1
3977,0,0,0,0,0,1
3978,0,0,0,0,0,1
3981,0,0,0,0,0,1
3984,0,0,0,0,0,1
3988,0,0,0,0,0,1
3995,0,0,0,0,0,1
3996,0,0,0,0,0,1
4000,0,0,0,0,1,0
4006,0,0,0,0,1,0
4007,0,0,0,0,1,0
4008,0,0,0,0,1,0
4009,0,0,0,0,1,0
4010,0,0,0,0,1,0
4011,0,0,0,0,1,0
4012,0,0,0,0,1,0
4014,0,0,0,0,1,0
4017,0,0,0,0,1,0
4019,0,0,0,0,1,0
4020,0,0,0,1,1,0
4021,0,0,0,0,1,0
4022,0,0,0,0,1,0
4030,0,1,0,0,0,1
4031,0,0,0,0,1,0
4032,0,0,0,0,1,0
4034,0,0,0,0,1,0
4036,0,0,0,0,1,0
4051,0,0,0,0,1,0
4053,0,0,0,0,1,0
4054,0,0,0,0,1,0
4056,0,0,0,0,1,0
4059,0,0,0,0,1,0
4061,0,0,0,0,1,0
4064,0,0,0,0,1,0
4066,0,0,0,0,1,0
4068,0,0,0,0,1,0
4069,0,0,0,0,1,0
4073,0,0,0,0,1,0
4074,0,0,0,0,1,0
4075,0,0,0,0,1,0
4076,0,0,1,0,1,0
4077,0,0,0,0,1,0
4078,0,0,0,0,1,0
4101,0,0,0,0,1,0
4102,0,0,0,0,1,0
4105,0,0,0,0,1,0
4106,0,0,0,0,1,0
4107,0,0,0,0,1,0
4108,0,0,0,0,1,0
4110,0,0,0,0,1,0
4114,0,0,0,0,1,0
4117,0,0,0,0,1,0
4118,0,0,0,0,1,0
4119,0,0,0,0,1,0
4120,0,0,0,0,1,0
4121,0,0,0,0,1,0
4122,0,0,0,0,1,0
4124,0,0,0,0,1,0
4127,0,0,0,0,1,0
4129,0,0,0,0,1,0
4131,0,0,0,0,1,0
4132,0,0,0,0,1,0
4133,0,0,0,0,1,0
4151,0,0,0,0,1,0
4152,0,0,0,0,1,0
4154,0,0,0,0,1,0
4155,0,0,0,0,1,0
4157,0,0,0,0,1,0
4159,0,0,0,0,1,0
4160,0,0,0,0,1,0
4161,0,0,0,0,1,0
4163,0,0,0,0,1,0
4164,0,0,0,0,1,0
4165,0,0,0,0,1,0
4169,0,0,0,0,1,0
4170,0,0,0,0,1,0
4171,0,0,0,0,1,0
4172,0,0,0,0,1,1
4173,0,0,0,0,1,0
4178,0,0,0,0,1,0
4179,0,0,0,0,1,0
4183,0,0,0,0,1,0
4184,0,0,0,0,1,0
4188,0,0,0,0,1,0
4205,0,0,0,0,1,0
4207,0,0,1,0,1,0
4208,0,0,0,0,1,0
4209,0,0,0,0,1,0
4210,0,0,0,0,1,0
4211,0,0,0,0,1,0
4213,0,0,0,0,1,0
4214,0,0,0,0,1,0
4215,0,0,0,0,1,1
4216,0,0,0,0,1,0
4217,0,0,0,0,1,0
4218,0,0,0,0,1,0
4220,0,0,0,0,1,0
4223,0,0,0,0,1,0
4224,0,0,0,0,1,0
4226,0,0,0,0,1,0
4227,0,0,0,0,1,0
4270,0,0,0,0,1,0
4272,0,0,0,0,1,0
4275,0,0,0,0,1,0
4280,0,0,0,0,1,0
4285,0,0,0,0,1,0
4300,0,0,0,0,1,0
4301,0,0,0,0,1,0
4304,0,0,0,0,1,0
4305,0,0,0,0,1,0
4306,0,0,0,0,1,0
4309,0,0,0,0,1,0
4310,0,0,0,0,1,0
4312,0,0,0,0,1,0
4313,0,0,0,0,1,0
4340,0,0,0,0,1,0
4341,0,0,0,0,1,0
4343,0,0,0,0,1,0
4350,0,0,0,0,1,0
4352,0,0,0,0,1,0
4355,0,0,0,0,1,0
4356,0,0,0,0,1,0
4357,0,0,0,0,1,0
4361,0,0,0,0,1,0
4362,0,0,0,0,1,0
4370,0,0,0,0,1,0
4373,0,0,0,0,1,0
4380,0,0,0,0,1,0
4385,0,0,0,0,1,0
4387,0,0,0,0,1,0
4390,0,0,0,0,1,0
4400,0,0,0,0,1,0
4401,0,0,0,0,1,0
4405,0,0,0,0,1,0
4408,0,0,0,0,1,0
4410,0,0,0,0,1,0
4413,0,0,0,0,1,0
4415,0,0,0,0,1,0
4419,0,0,0,0,1,0
4420,0,0,0,0,1,0
4421,0,0,0,0,1,0
4454,0,0,0,0,1,0
4455,0,0,0,0,1,0
4462,0,0,0,0,1,0
4465,0,0,0,0,1,0
4468,0,0,0,0,1,0
4470,0,0,0,0,1,0
4472,0,0,0,0,1,0
4477,0,0,0,0,1,0
4480,0,0,0,0,1,0
4482,0,0,0,0,1,0
4486,0,0,0,0,1,0
4487,0,0,0,0,1,0
4490,0,0,0,0,1,0
4492,0,0,0,0,1,0
4500,0,0,0,0,1,0
4501,0,0,0,0,1,0
4503,0,0,0,0,1,0
4504,0,0,0,0,1,0
4505,0,0,0,0,1,0
4506,0,0,0,0,1,0
4507,0,0,0,0,1,0
4508,0,0,0,0,1,0
4509,0,0,0,0,1,0
4510,0,0,0,0,1,0
4512,0,0,0,0,1,0
4514,0,0,0,0,1,0
4515,0,0,0,0,1,0
4518,0,0,0,0,1,0
4519,0,0,0,0,1,0
4520,0,0,0,0,1,0
4521,0,0,0,0,1,0
4551,0,0,0,0,1,0
4552,0,0,0,0,1,0
4553,0,0,0,0,1,0
4555,0,0,0,0,1,0
4556,0,0,0,0,1,0
4557,0,0,0,0,1,0
4558,0,0,0,0,1,0
4559,0,0,0,0,1,0
4560,0,0,0,0,1,0
4561,0,0,0,0,1,0
4563,0,0,0,0,1,0
4564,0,0,0,0,1,0
4566,0,0,0,0,1,0
4568,0,0,0,0,1,0
4570,0,0,0,0,1,0
4573,0,0,0,0,1,0
4574,0,0,0,0,1,0
4575,0,0,0,0,1,0
4580,0,0,0,0,1,0
4581,0,0,0,0,1,0
4605,0,0,0,0,1,0
4606,0,0,0,0,1,0
4610,0,0,0,0,1,0
4613,0,0,0,0,1,0
4615,0,0,0,0,1,0
4621,0,0,0,0,1,0
4625,0,0,0,0,1,0
4626,0,0,0,0,1,0
4627,0,0,0,0,1,0
4630,0,0,0,0,1,0
4650,0,0,0,0,1,0
4655,0,0,0,0,1,0
4659,0,0,0,0,1,0
4660,0,0,0,0,1,0
4670,0,0,0,0,1,0
4671,0,0,0,0,1,0
4672,0,0,0,0,1,0
4674,0,0,0,0,1,0
4677,0,0,0,0,1,0
4678,0,0,0,0,1,0
4680,0,0,0,0,1,0
4695,0,0,0,0,1,0
4700,0,0,0,0,1,0
4701,0,0,0,0,1,0
4702,0,0,0,0,1,0
4703,0,0,0,0,1,0
4710,0,0,0,0,1,0
4715,0,0,0,0,1,0
4717,0,0,0,0,1,0
4718,0,0,0,0,1,0
4719,0,0,0,0,1,0
4720,0,0,0,0,1,0
4721,0,0,0,0,1,0
4722,0,0,0,0,1,0
4723,0,0,0,0,1,0
4725,0,0,0,0,1,0
4726,0,0,0,0,1,0
4730,0,0,0,0,1,0
4735,0,1,0,0,1,0
4737,0,1,0,0,0,0
4740,0,1,0,0,0,0
4741,0,1,0,0,0,0
4742,0,1,0,0,0,0
4743,0,1,0,0,0,0
4744,0,1,0,0,0,0
4745,0,1,0,0,0,0
4753,0,1,0,0,0,0
4756,0,1,0,0,0,0
4800,0,1,0,0,0,0
4802,0,1,0,0,0,0
4804,0,1,0,0,0,0
4805,0,1,0,0,1,0
4806,0,1,0,0,0,0
4807,0,1,0,0,0,0
4810,0,1,0,0,0,0
4812,0,1,0,0,0,0
4814,0,1,0,0,0,0
4817,0,1,0,0,0,0
4818,0,1,0,0,0,0
4819,0,1,0,0,0,0
4820,0,1,0,0,0,0
4821,0,1,0,0,0,0
4822,0,1,0,0,0,0
4823,0,1,0,0,0,0
4824,0,1,0,0,0,0
4825,0,1,0,0,0,0
4829,0,1,0,0,0,0
4849,0,1,0,0,0,0
4850,0,1,0,0,0,0
4852,0,1,0,0,0,0
4854,0,1,0,0,0,0
4860,0,1,0,0,0,0
4861,0,1,0,0,0,0
4865,0,1,0,0,0,0
4868,0,1,0,0,0,0
4869,0,1,0,0,0,0
4870,0,1,0,0,0,0
4872,0,1,0,0,0,0
4873,0,1,0,0,0,0
4874,0,1,0,0,0,0
4877,0,1,0,0,0,0
4878,0,1,0,0,0,0
4880,0,1,0,0,0,0
4882,0,1,0,0,0,0
4883,0,1,0,0,0,0
4885,0,1,0,0,0,0
4887,0,1,0,0,0,0
4888,0,1,0,0,0,0
4890,0,1,0,0,0,0
4895,0,1,0,0,0,0
5000,1,0,0,0,0,0
5007,1,0,0,0,0,0
5008,1,0,0,0,0,0
5009,1,0,0,0,0,0
5010,1,0,0,0,0,0
5011,1,0,0,0,0,0
5012,1,0,0,0,0,0
5013,1,0,0,0,0,0
5014,1,0,0,0,0,0
5015,1,0,0,0,0,0
5019,1,0,0,0,0,0
5022,1,0,0,0,0,0
5023,1,0,0,0,0,0
5024,1,0,0,0,0,0
5025,1,0,0,0,0,0
5031,1,0,0,0,0,0
5035,1,0,0,0,0,0
5039,1,0,1,0,0,0
5042,1,0,0,0,0,0
5043,1,0,0,0,0,0
5044,1,0,0,0,0,0
5045,1,0,0,0,0,0
5046,1,0,0,0,0,0
5048,1,0,0,0,0,0
5051,1,0,0,0,0,0
5061,1,0,0,0,0,0
5062,1,0,0,0,0,0
5067,1,0,0,0,0,0
5068,1,0,0,0,0,0
5069,1,0,0,0,0,0
5070,1,0,0,0,0,0
5072,1,0,0,0,0,0
5073,1,0,0,0,0,0
5074,1,0,0,0,0,0
5082,1,0,0,0,0,0
5084,1,0,0,0,0,0
5086,1,0,0,0,0,0
5087,1,0,0,0,0,0
5088,1,0,0,0,0,0
5090,1,0,0,0,0,0
5091,1,0,0,0,0,0
5092,1,0,0,0,0,0
5094,1,0,0,0,0,0
5095,1,0,0,0,0,0
5096,1,0,0,0,0,0
5106,1,0,0,0,0,0
5107,1,0,0,0,0,0
5109,1,0,0,0,0,0
5110,1,0,0,0,0,0
5111,1,0,0,0,0,0
5112,1,0,0,0,0,0
5113,1,0,0,0,0,0
5114,1,0,0,0,0,0
5115,1,0,0,0,0,0
5116,1,0,0,0,0,0
5117,1,0,0,0,0,0
5118,1,0,0,0,0,0
5120,1,0,0,0,0,0
5125,1,0,0,0,0,0
5133,1,0,0,0,0,0
5137,1,0,0,0,0,0
5152,1,0,0,0,0,0
5153,1,0,0,0,0,0
5154,1,0,0,0,0,0
5155,1,0,0,0,0,0
5158,1,0,0,0,0,0
5160,1,0,0,0,0,0
5161,1,0,0,0,0,0
5162,1,0,0,0,0,0
5163,1,0,0,0,0,0
5165,1,0,0,0,0,0
5168,1,0,0,0,0,0
5169,1,0,0,0,0,0
5171,1,0,0,0,0,0
5173,1,0,0,0,0,0
5174,1,0,0,0,0,0
5201,1,0,0,0,0,0
5203,1,0,0,0,0,0
5204,1,0,0,0,0,0
5210,1,0,0,0,0,0
5211,1,0,0,0,0,0
5212,1,0,0,0,0,0
5214,1,0,0,0,0,0
5223,1,0,0,0,0,0
5231,1,0,0,0,0,0
5235,1,0,0,0,0,0
5238,1,0,0,0,0,0
5240,1,0,0,0,0,0
5242,1,0,0,0,0,0
5244,1,0,0,0,0,0
5250,1,0,0,0,0,0
5251,1,0,0,0,0,0
5252,1,0,0,0,0,0
5253,1,0,0,0,0,0
5254,1,0,0,0,0,0
5255,1,0,0,0,0,0
5264,1,0,0,0,0,0
5266,1,0,0,0,0,0
5267,1,0,0,0,0,0
5268,1,0,0,0,0,0
5271,1,0,0,0,0,0
5275,1,0,0,0,0,0
5276,1,0,0,0,0,0
5277,1,0,0,0,0,0
5280,1,0,0,0,0,0
5290,1,0,0,0,0,0
5302,1,0,0,0,0,0
5304,1,0,0,0,0,0
5307,1,0,0,0,0,0
5320,1,0,0,0,0,0
5330,1,0,0,0,0,0
5333,1,0,0,0,0,0
5341,1,0,0,0,0,0
5343,1,0,0,0,0,0
5345,1,0,0,0,0,0
5351,1,0,0,0,0,0
5352,1,0,0,0,0,0
5353,1,0,0,0,0,0
5355,1,0,0,0,0,0
5373,1,0,0,0,0,0
5374,1,0,0,0,0,0
5412,1,0,0,0,0,0
5413,1,0,0,0,0,0
5417,1,0,0,0,0,0
5422,1,0,0,0,0,0
5431,1,0,0,0,0,0
5433,1,0,0,0,0,0
5434,1,0,0,0,0,0
5451,1,0,0,0,0,0
5453,1,0,0,0,0,0
5461,1,0,0,0,0,0
5473,1,0,0,0,0,0
5485,1,0,0,0,0,0
5491,1,0,0,0,0,0
5501,1,0,0,0,0,0
5522,1,0,0,0,0,0
5540,1,0,0,0,0,0
5554,1,0,0,0,0,0
5556,1,0,0,0,0,0
5558,1,0,0,0,0,0
5571,1,0,0,0,0,0
5572,1,0,0,0,0,0
5573,1,0,0,0,0,0
5575,1,0,0,0,0,0
5576,1,0,0,0,0,0
5577,1,0,0,0,0,0
5582,1,0,0,0,0,0
5600,1,0,0,0,0,0
5602,1,0,0,0,0,0
5605,1,0,0,0,0,0
5606,1,0,0,0,0,0
5608,1,0,0,0,0,0
5631,1,0,0,0,0,0
5640,1,0,0,0,0,0
5641,1,0,0,0,0,0
5652,1,0,0,0,0,0
5670,1,0,0,0,0,0
5680,1,0,0,0,0,0
5690,1,0,0,0,0,0
5700,1,0,0,0,0,0
5723,1,0,0,0,0,0
5725,1,0,0,0,0,0
5950,1,0,0,0,0,0
6000,0,0,0,1,0,0
6003,0,0,0,1,0,0
6005,0,0,0,1,0,0
6008,0,0,0,1,0,0
6009,0,0,0,1,0,0
6010,0,0,0,1,0,0
6014,0,0,0,1,0,0
6017,0,0,0,1,0,0
6018,0,0,0,1,0,0
6019,0,0,1,1,0,0
6021,0,0,0,1,0,0
6023,0,0,0,1,0,0
6024,0,0,0,1,0,0
6025,0,0,0,1,0,0
6027,0,0,0,1,0,0
6028,0,0,0,1,0,0
6030,0,0,0,1,0,0
6031,0,0,0,1,0,0
6041,0,0,0,1,0,0
6043,0,0,0,1,0,0
6044,0,0,0,1,0,0
6050,0,0,0,1,0,0
6053,0,0,0,1,0,0
6054,0,0,0,1,0,0
6055,0,0,0,1,0,0
6056,0,0,0,1,0,0
6057,0,0,0,1,0,0
6058,0,0,0,1,0,0
6060,0,0,0,1,0,0
6062,0,0,0,1,0,0
6065,0,0,0,1,0,0
6069,0,0,0,1,0,0
6073,0,0,0,1,0,0
6074,0,0,0,1,0,0
6076,0,0,0,1,0,0
6082,0,0,0,1,0,0
6083,0,0,0,1,0,0
6084,0,0,0,1,0,0
6090,0,0,0,1,0,0
6101,0,0,0,1,0,0
6104,0,0,0,1,0,0
6105,0,0,0,1,0,0
6106,0,0,0,1,0,0
6107,0,0,0,1,0,0
6109,0,0,0,1,0,0
6110,0,0,0,1,0,0
6111,0,0,0,1,0,0
6112,0,0,0,1,0,0
6122,0,0,0,1,0,0
6123,0,0,0,1,0,0
6125,0,0,0,1,0,0
6154,0,0,0,1,0,0
6155,0,0,0,1,0,0
6156,0,0,0,1,0,0
6163,0,0,0,1,0,0
6164,0,0,0,1,0,0
6167,0,0,0,1,0,0
6168,0,0,0,1,0,0
6169,0,0,0,1,0,0
6171,0,0,0,1,0,0
6172,0,0,0,1,0,0
6208,0,0,0,1,0,0
6209,0,0,0,1,0,0
6210,0,0,0,1,0,0
6211,0,0,0,1,0,0
6215,0,0,0,1,0,0
6220,0,0,0,1,0,0
6224,0,0,0,1,0,0
6225,0,0,0,1,0,0
6230,0,0,0,1,0,0
6233,0,0,0,1,0,0
6236,0,0,0,1,0,0
6239,0,0,0,1,0,0
6244,0,0,0,1,0,0
6255,0,0,0,1,0,0
6256,0,0,0,1,0,0
6258,0,0,0,1,0,0
6260,0,0,0,1,0,0
6262,0,0,0,1,0,0
6271,0,0,0,1,0,0
6275,0,0,0,1,0,0
6280,0,0,0,1,0,0
6281,0,0,0,1,0,0
6284,0,0,0,1,0,0
6285,0,0,0,1,0,0
6290,0,0,0,1,0,0
6302,0,0,0,1,0,0
6304,0,0,0,1,0,0
6306,0,0,0,1,0,0
6312,0,0,0,1,0,0
6315,0,0,0,1,0,0
6317,0,0,0,1,0,0
6322,0,0,0,1,0,0
6324,0,0,0,1,0,0
6330,0,0,0,1,0,0
6331,0,0,0,1,0,0
6333,0,0,0,1,0,0
6335,0,0,0,1,0,0
6338,0,0,0,1,0,0
6346,0,0,0,1,0,0
6353,0,0,0,1,0,0
6354,0,0,0,1,0,0
6355,0,0,0,1,0,0
6359,0,0,0,1,0,0
6365,0,0,0,1,0,0
6367,0,0,0,1,0,0
6369,0,0,0,1,0,0
6370,0,0,0,1,0,0
6375,0,0,0,1,0,0
6383,0,0,0,1,0,0
6390,0,0,0,1,0,0
6391,0,0,0,1,0,0
6392,0,0,0,1,0,0
6395,0,0,0,1,0,0
6396,0,0,0,1,0,0
6398,0,0,0,1,0,0
6401,0,0,0,1,0,0
6405,0,0,0,1,0,0
6407,0,0,0,1,0,0
6410,0,0,0,1,0,0
6415,0,0,0,1,0,0
6418,0,0,0,1,0,0
6426,0,0,0,1,0,0
6430,0,0,0,1,0,0
6432,0,0,0,1,0,0
6443,0,0,0,1,0,0
6450,0,0,0,1,0,0
6460,0,0,0,1,0,0
6466,0,0,0,1,0,0
6468,0,0,0,1,0,0
6472,0,0,0,1,0,0
6475,0,0,0,1,0,0
6479,0,0,0,1,0,0
6502,0,0,0,1,0,0
6503,0,0,0,1,0,0
6507,0,0,0,1,0,0
6510,0,0,0,1,0,0
6511,0,0,0,1,0,0
6513,0,0,0,1,0,0
6515,0,0,0,1,0,0
6516,0,0,0,1,0,0
6519,0,0,0,1,0,0
6522,0,0,0,1,0,0
6525,0,0,0,1,0,0
6530,0,0,0,1,0,0
6531,0,0,0,1,0,0
6535,0,0,0,1,0,0
6536,0,0,0,1,0,0
6537,0,0,0,1,0,0
6562,0,0,0,1,0,0
6566,0,0,0,1,0,0
6568,0,0,0,1,0,0
6571,0,0,0,1,0,0
6575,0,0,0,1,0,0
6603,0,0,0,1,0,0
6606,0,0,0,1,0,0
6609,0,0,0,1,0,0
6620,0,0,0,1,0,0
6623,0,0,0,1,0,0
6638,0,0,0,1,0,0
6642,0,0,0,1,0,0
6701,0,0,0,1,0,0
6707,0,0,0,1,0,0
6710,0,0,0,1,0,0
6714,0,0,0,1,0,0
6721,0,0,0,1,0,0
6722,0,0,0,1,0,0
6725,0,0,0,1,0,0
6728,0,0,0,1,0,0
6740,1,0,0,0,0,0
6743,1,0,0,1,0,0
6751,0,0,0,1,0,0
6753,0,0,0,1,0,0
6765,0,0,0,1,0,0
6770,0,0,0,1,0,0
6798,0,0,0,1,0,0
6970,0,0,0,1,0,0
6986,0,0,0,1,0,0
7000,0,0,0,0,0,1
7009,0,0,0,0,0,1
7010,0,0,0,0,0,1
7018,0,0,0,0,0,1
7021,0,0,0,0,0,1
7030,0,0,0,0,0,1
7050,0,0,0,0,0,1
7109,0,0,0,0,0,1
7112,0,0,0,0,0,1
7116,0,0,0,0,0,1
7140,0,0,0,0,0,1
7172,0,0,0,0,0,1
7190,0,0,0,0,0,1
7215,0,0,0,0,0,1
7216,0,0,0,0,0,1
7248,0,0,0,0,0,1
7249,0,0,0,0,0,1
7250,0,0,0,0,0,1
7253,0,0,0,0,0,1
7255,0,0,0,0,0,1
7256,0,0,0,0,0,1
7260,0,0,0,0,0,1
7262,0,0,0,0,0,1
7270,0,0,0,0,0,1
7275,0,0,0,0,0,1
7300,0,0,0,0,0,1
7301,0,0,0,0,0,1
7303,0,0,0,0,0,1
7304,0,0,0,0,0,1
7306,0,0,0,0,0,1
7307,0,0,0,0,0,1
7310,0,0,0,0,0,1
7315,0,0,0,0,0,1
7320,0,0,0,0,0,1
7322,0,0,0,0,0,1
7325,0,0,0,0,0,1
7330,0,0,0,0,0,1
7467,0,0,0,0,0,1
